SYS,SYS,SYS,SYS,SYS,USERDEF,USERDEF,USERDEF,USERDEF,PORO,PORO,PORO,PORO,PORO,PORO,PORO,PORO,PORO,PORO,PORO,PORO,PORO,FLUORO,FLUORO,FLUORO,FLUORO,FLUORO,FLUORO,FLUORO,FLUORO,FLUORO,FLUORO,FLUORO,SENSOR,SENSOR,SENSOR,SENSOR,SENSOR,SENSOR,SENSOR,SENSOR,SENSOR,SENSOR,SENSOR,MATCH,MATCH,MATCH,MATCH,STABILITY,STABILITY,STABILITY,STABILITY,STABILITY,STABILITY,P_CONFIG,P_CONFIG,P_CONFIG,P_CONFIG,P_CONFIG,P_CONFIG,P_CONFIG,P_CONFIG,P_CONFIG,P_CONFIG,P_CONFIG,FL_CONFIG,FL_CONFIG,FL_CONFIG,FL_CONFIG,FL_CONFIG,FL_CONFIG,FL_CONFIG,FL_CONFIG,FL_CONFIG,FL_CONFIG,FL_CONFIG,FL_CONFIG,FL_CONFIG,FL_CONFIG,FL_CONFIG,SENSOR_V,SENSOR_V,SENSOR_V,SENSOR_V,SENSOR_V,SENSOR_V,SENSOR_V,SENSOR_V,SENSOR_V,SENSOR_V,USERCAL,USERCAL,USERCAL,USERCAL,USERCAL,USERCAL,USERCAL,USERCAL,USERCAL,USERCAL,META,META,META,META,META,META,META
Obs#,Time,Date,configName,configAuthor,remark,,,,gsw,gbw,gtw,E_apparent,VPcham,VPref,VPleaf,VPDleaf,H2O_r,H2O_s,H2O_leaf,leaf_area,leaf_width,flashID,Fo,Fm,Fv/Fm,Fs,Fm',PhiPS2,PS2/1,abs,ETR,TRANS,rh_s,rh_r,Tref,Tmeas,Tleaf,P_atm,flow,flow_s,leak_pct,Qamb,batt,match_time,match_date,rh_adj,type,gsw1sec,gsw2sec,gsw4sec,flr1sec,flr2sec,flr4sec,auto,flow_set,gsw_limit,gsw_period,aw,Bla,Blb,Blc,Bld,Ble,chamber,dark,flash_type,flash_intensity,modrate,flr_limit,flr_period,P1_dur,P2_dur,P3_dur,P1_Fmax,P2_ramp,P2_slp,P3_Fmax,P3_Pred,P3_DeltaF,v_humA,v_humB,v_flowIn,v_flowOut,v_temp,v_irt,v_pres,v_par,v_F,i_LED,b_rhr,m_rhr,span_rhr,b_rhs,m_rhs,span_rhs,z_flowIn,z_flowOut,z_quantum,z_flr,flashId,lciSerNum,lcpSerNum,lcfSerNum,lcrhSerNum,version,configUpdatedAt
,HHMMSS,YYYYMMDD,,,,,,,mol+1m-2s-1,mol+1m-2s-1,mol+1m-2s-1,mmol+1m-2s-1,kPa,kPa,kPa,kPa,mmol+1mol-1,mmol+1mol-1,mmol+1mol-1,cm+2,mm,,,,,,,,,,umol+1m-2s-1,,%,%,C,C,C,kPa,umol+1sec-1,umol+1sec-1,%,umol+1m-2s-1,V,HHMMSS,YYYYMMDD,%,,,,,,,,,umol+1sec-1,(umol+1m-2s-1)s-1,s,,,,,,,,,,umol+1m-2s-1,Hz,s-1,s,ms,ms,ms,,%,,,,,V,V,V,V,V,V,V,V,V,A,,,,,,,,,,,,,,,,,
1,08:00:37,2025-10-07,BANWR,Fern,,,,,0.000477,0.033081,0.000471,0.008001,0.745308,0.717541,2.247928,1.502620,7.983388,8.292323,25.010536,0.441786,7.500000,PSF-01031_20251007080037_abc,0.000000,0.000000,0.000000,96.173645,106.549500,0.097381,0.5,0.80,38.511665,1.000000,39.48,38.00,16.54,19.31,19.31,89.88,1.1,-15.2,1442.6,989,3.656,08:00:22,2025-10-07,6.09,1,-0.000,-0.000,0.000,-0.693,0.565,-0.698,0,150,-9999.000,-9999.000000,0.058905,0.000000,0.029230,0.000000,0.000000,-0.000068,standard,0,rectangular,7000,500,-9999.000000,-9999.000000,55537,55537,55537,0.000000,-9999,0.000000,0.000000,0.000000,0.000000,2.470952,2.430540,0.606906,0.573809,0.383016,0.031808,0.046382,1.018552,96.173645,0.000264,2.405086,0.000013,1.000000,2.372866,0.000011,1.000000,0.601157,0.601293,0.106749,0.000000,PSF-01031_20251007080037_abc,PFA-00872,PSA-00872,PSF-01031,RHS-0785,3.0.0,2025-09-27T00:47:32.647Z
2,08:03:40,2025-10-07,BANWR,Fern,,,,,0.006711,0.034744,0.005625,0.013615,0.803715,0.758762,1.019072,0.215358,8.441712,8.941835,11.337829,0.441786,7.500000,PSF-01031_20251007080340_c00,0.000000,0.000000,0.000000,19.775749,39.665939,0.501443,0.5,0.80,24.498272,1.000000,41.15,38.85,17.07,7.19,7.19,89.88,1.2,-16.3,1465.3,122,3.634,08:00:22,2025-10-07,6.09,1,0.001,0.002,0.002,0.010,0.013,-0.014,0,150,-9999.000,-9999.000000,0.058905,0.000000,0.029230,0.000000,0.000000,-0.000068,standard,0,rectangular,7000,500,-9999.000000,-9999.000000,55537,55537,55537,0.000000,-9999,0.000000,0.000000,0.000000,0.000000,2.472139,2.432955,0.607196,0.571956,0.374896,-0.100864,0.072519,0.219390,19.775749,0.000277,2.405086,0.000013,1.000000,2.372866,0.000011,1.000000,0.601157,0.601293,0.106749,0.000000,PSF-01031_20251007080340_c00,PFA-00872,PSA-00872,PSF-01031,RHS-0785,3.0.0,2025-09-27T00:47:32.647Z
3,08:10:07,2025-10-07,BANWR,Fern,,,,,-0.017516,0.034339,-0.035753,-0.061055,0.912374,1.116046,1.064137,0.151763,12.419836,10.153279,11.842161,0.441786,7.500000,PSF-01031_20251007081007_a31,0.000000,0.000000,0.000000,19.219280,29.914856,0.357534,0.5,0.80,41.442711,1.000000,43.55,53.28,18.18,7.83,7.83,89.86,1.2,-16.3,1487.5,290,3.630,08:00:22,2025-10-07,6.09,1,0.001,0.003,0.008,0.041,0.021,-0.007,0,150,-9999.000,-9999.000000,0.058905,0.000000,0.029230,0.000000,0.000000,-0.000068,standard,0,rectangular,7000,500,-9999.000000,-9999.000000,55537,55537,55537,0.000000,-9999,0.000000,0.000000,0.000000,0.000000,2.492899,2.436298,0.607126,0.571831,0.358490,-0.106612,0.117951,0.373995,19.219280,0.000281,2.405086,0.000013,1.000000,2.372866,0.000011,1.000000,0.601157,0.601293,0.106749,0.000000,PSF-01031_20251007081007_a31,PFA-00872,PSA-00872,PSF-01031,RHS-0785,3.0.0,2025-09-27T00:47:32.647Z
1,08:13:57,2025-10-07,BANWR,Fern,,,,,0.001063,0.034949,0.001032,0.010814,0.887885,0.852438,1.815336,0.927451,9.487978,9.882513,20.205421,0.441786,7.500000,PSF-01031_20251007081357_4b4,0.000000,0.000000,0.000000,40.330051,63.225746,0.362126,0.5,0.80,40.102669,1.000000,40.73,39.11,18.81,15.92,15.92,89.84,1.2,-16.0,1431.0,277,3.631,08:13:46,2025-10-07,3.14,1,-0.000,-0.000,-0.000,-0.042,-0.308,-0.552,0,150,-9999.000,-9999.000000,0.058905,0.000000,0.029230,0.000000,0.000000,-0.000068,standard,0,rectangular,7000,500,-9999.000000,-9999.000000,55537,55537,55537,0.000000,-9999,0.000000,0.000000,0.000000,0.000000,2.472237,2.436376,0.607232,0.572520,0.349451,-0.030304,0.211912,0.362075,40.261032,0.000275,2.405086,0.000013,1.000000,2.372866,0.000011,1.000000,0.601157,0.601293,0.106749,0.000000,PSF-01031_20251007081357_4b4,PFA-00872,PSA-00872,PSF-01031,RHS-0785,3.0.0,2025-09-27T00:47:32.647Z
1,08:19:51,2025-10-07,BANWR,Fern,,,,,0.462814,0.034081,0.031743,0.036595,1.025412,0.902556,1.127773,0.102361,10.043327,11.410424,12.549461,0.441786,7.500000,PSF-01031_20251007081951_419,0.000000,0.000000,0.000000,23.972870,41.048527,0.415987,0.5,0.80,72.077248,1.000000,43.99,38.72,19.89,8.68,8.68,89.87,1.2,-16.1,1475.5,433,3.629,08:19:10,2025-10-07,3.99,1,0.030,0.039,0.035,-0.017,0.040,0.148,0,150,-9999.000,-9999.000000,0.058905,0.000000,0.029230,0.000000,0.000000,-0.000068,standard,0,rectangular,7000,500,-9999.000000,-9999.000000,55537,55537,55537,0.000000,-9999,0.000000,0.000000,0.000000,0.000000,2.471491,2.439667,0.607080,0.572300,0.334633,-0.116829,0.158767,0.506233,23.972870,0.000280,2.405086,0.000013,1.000000,2.372866,0.000011,1.000000,0.601157,0.601293,0.106749,0.000000,PSF-01031_20251007081951_419,PFA-00872,PSA-00872,PSF-01031,RHS-0785,3.0.0,2025-09-27T00:47:32.647Z
1,08:24:30,2025-10-07,BANWR,Fern,,,,,0.000129,0.033423,0.000128,0.001845,0.936346,0.930024,2.208432,1.272086,10.348865,10.419213,24.574381,0.441786,7.500000,PSF-01031_20251007082430_ce0,0.000000,0.000000,0.000000,55.646896,98.800781,0.436777,0.5,0.80,36.239937,1.000000,39.34,39.07,20.23,19.02,19.02,89.87,1.1,-15.7,1471.7,207,3.626,08:24:22,2025-10-07,7.34,1,0.000,0.000,0.000,0.094,0.037,0.123,0,150,-9999.000,-9999.000000,0.058905,0.000000,0.029230,0.000000,0.000000,-0.000068,standard,0,rectangular,7000,500,-9999.000000,-9999.000000,55537,55537,55537,0.000000,-9999,0.000000,0.000000,0.000000,0.000000,2.471959,2.427939,0.606966,0.572933,0.330117,-0.012331,0.181966,0.298046,55.646896,0.000276,2.405086,0.000013,1.000000,2.372866,0.000011,1.000000,0.601157,0.601293,0.106749,0.000000,PSF-01031_20251007082430_ce0,PFA-00872,PSA-00872,PSF-01031,RHS-0785,3.0.0,2025-09-27T00:47:32.647Z
1,08:27:01,2025-10-07,BANWR,Fern,,,,,0.002728,0.034191,0.002526,0.016074,1.008581,0.954783,1.572189,0.563608,10.624873,11.223542,17.495396,0.441786,7.500000,PSF-01031_20251007082701_558,0.000000,0.000000,0.000000,53.480030,89.278938,0.400978,0.5,0.80,42.489433,1.000000,41.59,39.37,20.53,13.69,13.69,89.86,1.2,-16.3,1487.6,265,3.594,08:26:46,2025-10-07,5.76,1,-0.000,0.001,0.001,-0.129,-0.425,0.304,0,150,-9999.000,-9999.000000,0.058905,0.000000,0.029230,0.000000,0.000000,-0.000068,standard,0,rectangular,7000,500,-9999.000000,-9999.000000,55537,55537,55537,0.000000,-9999,0.000000,0.000000,0.000000,0.000000,2.472358,2.433538,0.607100,0.571953,0.326153,-0.072863,0.202975,0.351059,53.827286,0.000280,2.405086,0.000013,1.000000,2.372866,0.000011,1.000000,0.601157,0.601293,0.106749,0.000000,PSF-01031_20251007082701_558,PFA-00872,PSA-00872,PSF-01031,RHS-0785,3.0.0,2025-09-27T00:47:32.647Z
1,08:32:31,2025-10-07,BANWR,Fern,,,,,0.001201,0.035239,0.001161,0.016045,1.018544,0.966454,2.237556,1.219012,10.754898,11.334572,24.899988,0.441786,7.500000,PSF-01031_20251007083231_1c9,0.000000,0.000000,0.000000,77.703949,211.920975,0.633335,0.5,0.80,37.854748,1.000000,41.50,39.37,20.73,19.23,19.23,89.86,1.2,-16.1,1431.8,149,3.623,08:32:06,2025-10-07,5.05,1,-0.000,-0.000,-0.000,-0.128,-0.118,-0.342,0,150,-9999.000,-9999.000000,0.058905,0.000000,0.029230,0.000000,0.000000,-0.000068,standard,0,rectangular,7000,500,-9999.000000,-9999.000000,55537,55537,55537,0.000000,-9999,0.000000,0.000000,0.000000,0.000000,2.472330,2.434411,0.607283,0.572265,0.323592,-0.015591,0.160015,0.244555,77.703949,0.000283,2.405086,0.000013,1.000000,2.372866,0.000011,1.000000,0.601157,0.601293,0.106749,0.000000,PSF-01031_20251007083231_1c9,PFA-00872,PSA-00872,PSF-01031,RHS-0785,3.0.0,2025-09-27T00:47:32.647Z
1,08:36:00,2025-10-07,BANWR,Fern,,,,,0.000288,0.034486,0.000285,0.002632,0.988098,0.979363,1.803877,0.815779,10.898458,10.995669,20.073751,0.441786,7.500000,PSF-01031_20251007083600_c07,0.000000,0.000000,0.000000,48.860550,88.993904,0.450967,0.5,0.80,57.382851,1.000000,39.83,39.47,20.90,15.82,15.82,89.86,1.2,-16.1,1458.5,318,3.627,08:35:29,2025-10-07,6.30,1,0.001,0.001,0.001,-0.015,0.150,0.131,0,150,-9999.000,-9999.000000,0.058905,0.000000,0.029230,0.000000,0.000000,-0.000068,standard,0,rectangular,7000,500,-9999.000000,-9999.000000,55537,55537,55537,0.000000,-9999,0.000000,0.000000,0.000000,0.000000,2.472447,2.430113,0.607151,0.572316,0.321324,-0.054546,0.199892,0.400120,48.860550,0.000281,2.405086,0.000013,1.000000,2.372866,0.000011,1.000000,0.601157,0.601293,0.106749,0.000000,PSF-01031_20251007083600_c07,PFA-00872,PSA-00872,PSF-01031,RHS-0785,3.0.0,2025-09-27T00:47:32.647Z
1,08:39:17,2025-10-07,BANWR,Fern,,,,,0.029990,0.036976,0.016559,0.053618,1.158997,0.993362,1.445786,0.286788,11.052673,12.895623,16.086582,0.441786,7.500000,PSF-01031_20251007083917_c5a,0.000000,0.000000,0.000000,32.707932,71.073174,0.539799,0.5,0.80,183.014984,1.000000,45.70,39.17,21.26,12.41,12.41,89.88,1.3,-16.7,1414.3,848,3.626,08:38:46,2025-10-07,5.09,1,0.004,0.014,0.012,-0.007,0.085,0.444,0,150,-9999.000,-9999.000000,0.058905,0.000000,0.029230,0.000000,0.000000,-0.000068,standard,0,rectangular,7000,500,-9999.000000,-9999.000000,55537,55537,55537,0.000000,-9999,0.000000,0.000000,0.000000,0.000000,2.471943,2.440303,0.607587,0.571243,0.316761,-0.094257,0.174765,0.888441,32.707932,0.000279,2.405086,0.000013,1.000000,2.372866,0.000011,1.000000,0.601157,0.601293,0.106749,0.000000,PSF-01031_20251007083917_c5a,PFA-00872,PSA-00872,PSF-01031,RHS-0785,3.0.0,2025-09-27T00:47:32.647Z
1,08:44:51,2025-10-07,BANWR,Fern,,,,,0.002598,0.033169,0.002409,0.000741,1.038727,1.036171,1.066045,0.027318,11.528028,11.556461,11.860391,0.441786,7.500000,PSF-01031_20251007084451_2e3,0.000000,0.000000,0.000000,39.672375,73.801872,0.462448,0.5,0.80,32.252937,1.000000,39.03,38.94,22.05,7.85,7.85,89.88,1.1,-15.9,1496.8,174,3.622,08:44:00,2025-10-07,8.88,1,0.000,0.001,0.004,0.015,0.039,0.308,0,150,-9999.000,-9999.000000,0.058905,0.000000,0.029230,0.000000,0.000000,-0.000068,standard,0,rectangular,7000,500,-9999.000000,-9999.000000,55537,55537,55537,0.000000,-9999,0.000000,0.000000,0.000000,0.000000,2.471474,2.424964,0.606921,0.572636,0.306906,-0.148990,0.159895,0.267550,39.672375,0.000282,2.405086,0.000013,1.000000,2.372866,0.000011,1.000000,0.601157,0.601293,0.106749,0.000000,PSF-01031_20251007084451_2e3,PFA-00872,PSA-00872,PSF-01031,RHS-0785,3.0.0,2025-09-27T00:47:32.647Z
2,08:44:59,2025-10-07,BANWR,Fern,,,,,-0.004232,0.035884,-0.004798,0.019105,1.100284,1.039418,0.746096,-0.354188,11.564471,12.241667,8.301000,0.441786,7.500000,PSF-01031_20251007084459_8b1,0.000000,0.000000,0.000000,0.490665,0.547171,0.103268,0.5,0.80,14.694760,1.000000,41.25,38.97,22.08,2.72,2.72,89.88,1.2,-16.7,1452.8,356,3.621,08:44:00,2025-10-07,8.88,1,0.000,-9999.000,-9999.000,0.038,-9999.000,-9999.000,0,150,-9999.000,-9999.000000,0.058905,0.000000,0.029230,0.000000,0.000000,-0.000068,standard,0,rectangular,7000,500,-9999.000000,-9999.000000,55537,55537,55537,0.000000,-9999,0.000000,0.000000,0.000000,0.000000,2.471521,2.428257,0.607396,0.571278,0.306460,-0.199015,0.161253,0.434828,0.490665,0.000273,2.405086,0.000013,1.000000,2.372866,0.000011,1.000000,0.601157,0.601293,0.106749,0.000000,PSF-01031_20251007084459_8b1,PFA-00872,PSA-00872,PSF-01031,RHS-0785,3.0.0,2025-09-27T00:47:32.647Z
1,08:49:54,2025-10-07,BANWR,Fern,,,,,0.001548,0.034797,0.001482,0.016424,1.128405,1.074445,2.106582,0.978177,11.951065,12.551260,23.431530,0.441786,7.500000,PSF-01031_20251007084954_aaa,0.000000,0.000000,0.000000,38.343430,74.422005,0.484784,0.5,0.80,136.479034,1.000000,40.68,38.73,22.73,18.27,18.27,89.90,1.2,-16.1,1451.9,704,3.621,08:49:08,2025-10-07,7.26,1,-0.000,0.000,0.001,0.013,-0.099,-0.099,0,150,-9999.000,-9999.000000,0.058905,0.000000,0.029230,0.000000,0.000000,-0.000068,standard,0,rectangular,7000,500,-9999.000000,-9999.000000,55537,55537,55537,0.000000,-9999,0.000000,0.000000,0.000000,0.000000,2.471065,2.429698,0.607206,0.572197,0.298614,-0.048803,0.158677,0.755830,38.343430,0.000273,2.405086,0.000013,1.000000,2.372866,0.000011,1.000000,0.601157,0.601293,0.106749,0.000000,PSF-01031_20251007084954_aaa,PFA-00872,PSA-00872,PSF-01031,RHS-0785,3.0.0,2025-09-27T00:47:32.647Z
1,08:54:59,2025-10-07,BANWR,Fern,,,,,-0.000474,0.033640,-0.000481,-0.008947,1.081074,1.111501,2.719599,1.638525,12.361960,12.023551,30.247005,0.441786,7.500000,PSF-01031_20251007085459_107,0.000000,0.000000,0.000000,72.598816,153.369781,0.526642,0.5,0.80,64.397987,1.000000,37.65,38.71,23.30,22.40,22.40,89.91,1.2,-15.7,1464.8,306,3.621,08:54:37,2025-10-07,5.95,1,0.000,0.000,0.001,0.096,0.054,0.023,0,150,-9999.000,-9999.000000,0.058905,0.000000,0.029230,0.000000,0.000000,-0.000068,standard,0,rectangular,7000,500,-9999.000000,-9999.000000,55537,55537,55537,0.000000,-9999,0.000000,0.000000,0.000000,0.000000,2.470951,2.427103,0.607004,0.572892,0.291904,-0.009329,0.155311,0.388677,72.598816,0.000281,2.405086,0.000013,1.000000,2.372866,0.000011,1.000000,0.601157,0.601293,0.106749,0.000000,PSF-01031_20251007085459_107,PFA-00872,PSA-00872,PSF-01031,RHS-0785,3.0.0,2025-09-27T00:47:32.647Z
1,08:58:59,2025-10-07,BANWR,Fern,,,,,0.001349,0.034316,0.001298,0.016759,1.195166,1.139368,2.333606,1.138440,12.671821,13.292402,25.953903,0.441786,7.500000,PSF-01031_20251007085859_0a6,0.000000,0.000000,0.000000,56.360363,97.325920,0.420911,0.5,0.80,88.984543,1.000000,40.41,38.52,23.79,19.91,19.91,89.91,1.2,-15.9,1452.1,529,3.620,08:58:41,2025-10-07,13.06,1,0.000,0.000,0.000,0.018,0.124,0.189,0,150,-9999.000,-9999.000000,0.058905,0.000000,0.029230,0.000000,0.000000,-0.000068,standard,0,rectangular,7000,500,-9999.000000,-9999.000000,55537,55537,55537,0.000000,-9999,0.000000,0.000000,0.000000,0.000000,2.470597,2.420550,0.607122,0.572592,0.286213,-0.042922,0.156006,0.594171,56.360363,0.000282,2.405086,0.000013,1.000000,2.372866,0.000011,1.000000,0.601157,0.601293,0.106749,0.000000,PSF-01031_20251007085859_0a6,PFA-00872,PSA-00872,PSF-01031,RHS-0785,3.0.0,2025-09-27T00:47:32.647Z
1,09:05:23,2025-10-07,BANWR,Fern,,,,,0.006620,0.034306,0.005549,0.068286,1.422747,1.195924,2.504898,1.082150,13.301937,15.824832,27.861300,0.441786,7.500000,PSF-01031_20251007090523_92f,0.000000,0.000000,0.000000,28.938175,39.956329,0.275755,0.5,0.80,125.251915,1.000000,45.41,38.17,24.75,21.06,21.06,89.91,1.2,-16.0,1457.6,1136,3.621,09:04:59,2025-10-07,12.12,1,0.000,0.001,0.000,-0.425,-0.161,-0.044,0,150,-9999.000,-9999.000000,0.058905,0.000000,0.029230,0.000000,0.000000,-0.000068,standard,0,rectangular,7000,500,-9999.000000,-9999.000000,55537,55537,55537,0.000000,-9999,0.000000,0.000000,0.000000,0.000000,2.469932,2.429226,0.607120,0.572485,0.275424,-0.041272,0.136554,1.153979,28.938175,0.000281,2.405086,0.000013,1.000000,2.372866,0.000011,1.000000,0.601157,0.601293,0.106749,0.000000,PSF-01031_20251007090523_92f,PFA-00872,PSA-00872,PSF-01031,RHS-0785,3.0.0,2025-09-27T00:47:32.647Z
1,09:21:50,2025-10-07,BANWR,Fern,,,,,-0.001668,0.033933,-0.001754,-0.022511,1.252053,1.327873,2.383894,1.131842,14.754838,13.912353,26.488964,0.441786,7.500000,PSF-01031_20251007092150_e19,0.000000,0.000000,0.000000,56.137203,86.844208,0.353587,0.5,0.80,29.526651,1.000000,36.54,38.76,26.26,20.25,20.25,90.00,1.2,-15.9,1463.3,209,3.617,09:21:39,2025-10-07,12.34,1,0.000,0.000,0.001,0.168,0.253,0.513,0,150,-9999.000,-9999.000000,0.058905,0.000000,0.029230,0.000000,0.000000,-0.000068,standard,0,rectangular,7000,500,-9999.000000,-9999.000000,55537,55537,55537,0.000000,-9999,0.000000,0.000000,0.000000,0.000000,2.470566,2.415520,0.607055,0.572678,0.259395,-0.067733,0.101941,0.299279,56.137203,0.000280,2.405086,0.000013,1.000000,2.372866,0.000011,1.000000,0.601157,0.601293,0.106749,0.000000,PSF-01031_20251007092150_e19,PFA-00872,PSA-00872,PSF-01031,RHS-0785,3.0.0,2025-09-27T00:47:32.647Z
1,09:27:31,2025-10-07,BANWR,Fern,,,,,-0.000885,0.034846,-0.000909,-0.030848,1.261163,1.362334,4.224046,2.962883,15.135826,14.011794,46.930069,0.441786,7.500000,PSF-01031_20251007092731_466,0.000000,0.000000,0.000000,125.749115,140.897873,0.107516,0.5,0.80,62.737427,1.000000,35.17,37.99,27.03,29.85,29.85,90.01,1.2,-16.0,1434.4,1459,3.614,09:26:01,2025-10-07,13.12,1,-0.000,-0.000,-0.000,-0.419,-0.198,-0.628,0,150,-9999.000,-9999.000000,0.058905,0.000000,0.029230,0.000000,0.000000,-0.000068,standard,0,rectangular,7000,500,-9999.000000,-9999.000000,55537,55537,55537,0.000000,-9999,0.000000,0.000000,0.000000,0.000000,2.469332,2.412132,0.607214,0.572530,0.251530,0.034696,0.171223,1.452099,125.749115,0.000281,2.405086,0.000013,1.000000,2.372866,0.000011,1.000000,0.601157,0.601293,0.106749,0.000000,PSF-01031_20251007092731_466,PFA-00872,PSA-00872,PSF-01031,RHS-0785,3.0.0,2025-09-27T00:47:32.647Z
1,09:30:57,2025-10-07,BANWR,Fern,,,,,-0.003063,0.032766,-0.003379,-0.121037,1.026715,1.450059,4.157793,3.131077,16.110962,11.407377,46.195385,0.441786,7.500000,PSF-01031_20251007093057_57f,0.000000,0.000000,0.000000,85.674049,131.406067,0.348021,0.5,0.80,135.951447,1.000000,27.00,38.13,28.04,29.58,29.58,90.00,1.1,-15.5,1478.6,977,3.579,09:30:10,2025-10-07,6.69,1,-0.000,-0.000,-0.000,-0.321,-0.495,-0.076,0,150,-9999.000,-9999.000000,0.058905,0.000000,0.029230,0.000000,0.000000,-0.000068,standard,0,rectangular,7000,500,-9999.000000,-9999.000000,55537,55537,55537,0.000000,-9999,0.000000,0.000000,0.000000,0.000000,2.469391,2.409335,0.606851,0.573346,0.241715,0.019276,0.163035,1.007407,85.674049,0.000279,2.405086,0.000013,1.000000,2.372866,0.000011,1.000000,0.601157,0.601293,0.106749,0.000000,PSF-01031_20251007093057_57f,PFA-00872,PSA-00872,PSF-01031,RHS-0785,3.0.0,2025-09-27T00:47:32.647Z
1,09:50:41,2025-10-07,BANWR,Fern,,,,,-0.001735,0.035516,-0.001825,-0.051208,1.558793,1.723015,4.006770,2.447977,19.143223,17.318676,44.516453,0.441786,7.500000,PSF-01031_20251007095041_851,0.000000,0.000000,0.000000,69.734573,141.651398,0.507703,0.5,0.80,375.960114,1.000000,33.78,37.34,31.40,28.94,28.94,90.01,1.2,-15.3,1358.8,1851,3.614,09:50:05,2025-10-07,18.56,1,0.000,0.000,0.000,-0.042,-0.170,-0.019,0,150,-9999.000,-9999.000000,0.058905,0.000000,0.029230,0.000000,0.000000,-0.000068,standard,0,rectangular,7000,500,-9999.000000,-9999.000000,55537,55537,55537,0.000000,-9999,0.000000,0.000000,0.000000,0.000000,2.467768,2.401015,0.607331,0.573626,0.211704,-0.029435,0.079726,1.814062,69.734573,0.000290,2.405086,0.000013,1.000000,2.372866,0.000011,1.000000,0.601157,0.601293,0.106749,0.000000,PSF-01031_20251007095041_851,PFA-00872,PSA-00872,PSF-01031,RHS-0785,3.0.0,2025-09-27T00:47:32.647Z
1,09:55:26,2025-10-07,BANWR,Fern,,,,,-0.013111,0.035239,-0.020879,-0.040931,1.670244,1.802373,1.843253,0.173008,20.024586,18.556622,20.478765,0.441786,7.500000,PSF-01031_20251007095526_aa7,0.000000,0.000000,0.000000,18.745422,26.603937,0.295389,0.5,0.80,202.145004,1.000000,35.95,38.80,31.52,16.16,16.16,90.01,1.2,-15.6,1391.5,1711,3.609,09:54:07,2025-10-07,18.63,1,0.000,0.000,0.001,-0.144,-0.245,-0.415,0,150,-9999.000,-9999.000000,0.058905,0.000000,0.029230,0.000000,0.000000,-0.000068,standard,0,rectangular,7000,500,-9999.000000,-9999.000000,55537,55537,55537,0.000000,-9999,0.000000,0.000000,0.000000,0.000000,2.469842,2.404402,0.607283,0.573133,0.210704,-0.175535,0.163830,1.684540,18.745422,0.000282,2.405086,0.000013,1.000000,2.372866,0.000011,1.000000,0.601157,0.601293,0.106749,0.000000,PSF-01031_20251007095526_aa7,PFA-00872,PSA-00872,PSF-01031,RHS-0785,3.0.0,2025-09-27T00:47:32.647Z
1,10:01:03,2025-10-07,BANWR,Fern,,,,,0.001329,0.035385,0.001281,0.037848,1.960671,1.839446,4.523220,2.562549,20.444706,21.792074,50.273777,0.441786,7.500000,PSF-01031_20251007100103_041,0.000000,0.000000,0.000000,65.476654,74.267868,0.118372,0.5,0.80,8.952700,1.000000,41.18,38.63,31.95,31.05,31.05,89.97,1.2,-15.5,1375.4,189,3.609,10:00:04,2025-10-07,22.31,1,-0.000,-0.000,0.000,-0.072,-0.404,-0.636,0,150,-9999.000,-9999.000000,0.058905,0.000000,0.029230,0.000000,0.000000,-0.000068,standard,0,rectangular,7000,500,-9999.000000,-9999.000000,55537,55537,55537,0.000000,-9999,0.000000,0.000000,0.000000,0.000000,2.469544,2.406829,0.607308,0.573367,0.207148,-0.010626,0.140656,0.281125,65.864685,0.000272,2.405086,0.000013,1.000000,2.372866,0.000011,1.000000,0.601157,0.601293,0.106749,0.000000,PSF-01031_20251007100103_041,PFA-00872,PSA-00872,PSF-01031,RHS-0785,3.0.0,2025-09-27T00:47:32.647Z
1,10:05:03,2025-10-07,BANWR,Fern,,,,,-0.002010,0.034619,-0.002134,-0.060253,1.679416,1.877292,4.137580,2.458164,20.867317,18.667797,45.991890,0.441786,7.500000,PSF-01031_20251007100503_3df,0.000000,0.000000,0.000000,38.922073,44.617294,0.127646,0.5,0.80,93.683945,1.000000,34.08,38.09,32.56,29.49,29.49,89.96,1.2,-15.4,1400.0,1835,3.608,10:04:33,2025-10-07,20.12,1,0.000,0.000,0.000,-0.017,-0.061,-0.253,0,150,-9999.000,-9999.000000,0.058905,0.000000,0.029230,0.000000,0.000000,-0.000068,standard,0,rectangular,7000,500,-9999.000000,-9999.000000,55537,55537,55537,0.000000,-9999,0.000000,0.000000,0.000000,0.000000,2.468679,2.398899,0.607175,0.573444,0.202251,-0.037190,0.143475,1.798899,38.922073,0.000272,2.405086,0.000013,1.000000,2.372866,0.000011,1.000000,0.601157,0.601293,0.106749,0.000000,PSF-01031_20251007100503_3df,PFA-00872,PSA-00872,PSF-01031,RHS-0785,3.0.0,2025-09-27T00:47:32.647Z
1,10:12:46,2025-10-07,BANWR,Fern,,,,,0.003469,0.034062,0.003149,0.044905,2.112207,1.963064,3.356107,1.243901,21.822796,23.480770,37.308838,0.441786,7.500000,PSF-01031_20251007101246_ead,0.000000,0.000000,0.000000,45.780300,54.228188,0.155784,0.5,0.80,101.610138,1.000000,40.71,37.83,33.48,25.91,25.91,89.95,1.2,-15.4,1421.6,1631,3.605,10:11:23,2025-10-07,22.33,1,0.001,0.001,0.002,-0.092,-0.282,-0.175,0,150,-9999.000,-9999.000000,0.058905,0.000000,0.029230,0.000000,0.000000,-0.000068,standard,0,rectangular,7000,500,-9999.000000,-9999.000000,55537,55537,55537,0.000000,-9999,0.000000,0.000000,0.000000,0.000000,2.468183,2.405977,0.607077,0.573439,0.195139,-0.091241,0.134885,1.610566,45.780300,0.000279,2.405086,0.000013,1.000000,2.372866,0.000011,1.000000,0.601157,0.601293,0.106749,0.000000,PSF-01031_20251007101246_ead,PFA-00872,PSA-00872,PSF-01031,RHS-0785,3.0.0,2025-09-27T00:47:32.647Z
1,10:18:07,2025-10-07,BANWR,Fern,,,,,-0.001842,0.035276,-0.001943,-0.053806,1.881419,2.054417,4.286723,2.405303,22.837328,20.914248,47.652092,0.441786,7.500000,PSF-01031_20251007101807_052,0.000000,0.000000,0.000000,54.051876,120.279907,0.550616,0.5,0.80,24.319546,1.000000,34.54,37.72,34.35,30.11,30.11,89.96,1.2,-15.7,1399.6,110,3.605,10:17:36,2025-10-07,21.91,1,-0.000,0.000,-0.000,0.011,0.200,0.286,0,150,-9999.000,-9999.000000,0.058905,0.000000,0.029230,0.000000,0.000000,-0.000068,standard,0,rectangular,7000,500,-9999.000000,-9999.000000,55537,55537,55537,0.000000,-9999,0.000000,0.000000,0.000000,0.000000,2.467893,2.396636,0.607289,0.572928,0.188625,-0.052226,0.126969,0.208582,54.051876,0.000288,2.405086,0.000013,1.000000,2.372866,0.000011,1.000000,0.601157,0.601293,0.106749,0.000000,PSF-01031_20251007101807_052,PFA-00872,PSA-00872,PSF-01031,RHS-0785,3.0.0,2025-09-27T00:47:32.647Z
1,10:22:51,2025-10-07,BANWR,Fern,,,,,-0.002156,0.034334,-0.002300,-0.044894,1.941853,2.090121,3.643928,1.702075,23.225636,21.578068,40.491688,0.441786,7.500000,PSF-01031_20251007102251_35e,0.000000,0.000000,0.000000,51.765919,93.577621,0.446813,0.5,0.80,104.047890,1.000000,35.77,38.50,34.29,27.31,27.31,89.99,1.2,-15.3,1396.2,582,3.604,10:22:08,2025-10-07,21.92,1,0.000,-0.000,-0.001,0.162,0.331,0.682,0,150,-9999.000,-9999.000000,0.058905,0.000000,0.029230,0.000000,0.000000,-0.000068,standard,0,rectangular,7000,500,-9999.000000,-9999.000000,55537,55537,55537,0.000000,-9999,0.000000,0.000000,0.000000,0.000000,2.469023,2.398664,0.607125,0.573751,0.189073,-0.085078,0.139892,0.643643,51.450848,0.000290,2.405086,0.000013,1.000000,2.372866,0.000011,1.000000,0.601157,0.601293,0.106749,0.000000,PSF-01031_20251007102251_35e,PFA-00872,PSA-00872,PSF-01031,RHS-0785,3.0.0,2025-09-27T00:47:32.647Z
1,10:29:38,2025-10-07,BANWR,Fern,,,,,0.001667,0.034891,0.001591,0.028555,2.220160,2.127676,3.780817,1.560657,23.647804,24.675713,42.021446,0.441786,7.500000,PSF-01031_20251007102938_b38,0.000000,0.000000,0.000000,29.329418,51.635384,0.431990,0.5,0.80,22.511812,1.000000,39.67,38.02,34.83,27.94,27.94,89.97,1.2,-15.2,1370.1,130,3.602,10:28:57,2025-10-07,22.82,1,-0.000,-0.000,-0.001,-0.002,0.120,0.307,0,150,-9999.000,-9999.000000,0.058905,0.000000,0.029230,0.000000,0.000000,-0.000068,standard,0,rectangular,7000,500,-9999.000000,-9999.000000,55537,55537,55537,0.000000,-9999,0.000000,0.000000,0.000000,0.000000,2.468256,2.403494,0.607222,0.573865,0.185082,-0.084583,0.116510,0.226897,29.329418,0.000291,2.405086,0.000013,1.000000,2.372866,0.000011,1.000000,0.601157,0.601293,0.106749,0.000000,PSF-01031_20251007102938_b38,PFA-00872,PSA-00872,PSF-01031,RHS-0785,3.0.0,2025-09-27T00:47:32.647Z
1,10:32:58,2025-10-07,BANWR,Fern,,,,,-0.001139,0.034703,-0.001177,-0.021902,2.083810,2.155224,3.703437,1.619627,23.959848,23.165924,41.171482,0.441786,7.500000,PSF-01031_20251007103258_5f0,0.000000,0.000000,0.000000,42.516945,51.873924,0.180379,0.5,0.80,90.392731,1.000000,35.59,36.81,35.65,27.58,27.58,89.95,1.2,-15.0,1362.3,1253,3.603,10:32:41,2025-10-07,19.65,1,-0.000,0.000,0.001,0.060,-0.237,-0.580,0,150,-9999.000,-9999.000000,0.058905,0.000000,0.029230,0.000000,0.000000,-0.000068,standard,0,rectangular,7000,500,-9999.000000,-9999.000000,55537,55537,55537,0.000000,-9999,0.000000,0.000000,0.000000,0.000000,2.466426,2.402012,0.607189,0.574179,0.179314,-0.099299,0.172386,1.262137,42.516945,0.000276,2.405086,0.000013,1.000000,2.372866,0.000011,1.000000,0.601157,0.601293,0.106749,0.000000,PSF-01031_20251007103258_5f0,PFA-00872,PSA-00872,PSF-01031,RHS-0785,3.0.0,2025-09-27T00:47:32.647Z
1,10:37:40,2025-10-07,BANWR,Fern,,,,,-0.001634,0.038335,-0.001707,-0.059973,2.013337,2.190442,5.049083,3.035747,24.353266,22.384209,56.135540,0.441786,7.500000,PSF-01031_20251007103740_49e,0.000000,0.000000,0.000000,23.234367,25.062202,0.072932,0.5,0.80,28.945816,1.000000,32.80,35.68,36.51,32.99,32.99,89.94,1.3,-17.8,1453.1,992,3.603,10:37:30,2025-10-07,22.33,1,0.000,-0.000,-0.000,0.032,-0.063,0.229,0,150,-9999.000,-9999.000000,0.058905,0.000000,0.029230,0.000000,0.000000,-0.000068,standard,0,rectangular,7000,500,-9999.000000,-9999.000000,55537,55537,55537,0.000000,-9999,0.000000,0.000000,0.000000,0.000000,2.464697,2.392943,0.607824,0.569241,0.173425,-0.044470,0.129468,1.021808,23.234367,0.000286,2.405086,0.000013,1.000000,2.372866,0.000011,1.000000,0.601157,0.601293,0.106749,0.000000,PSF-01031_20251007103740_49e,PFA-00872,PSA-00872,PSF-01031,RHS-0785,3.0.0,2025-09-27T00:47:32.647Z
1,10:42:49,2025-10-07,BANWR,Fern,,,,,-0.052502,0.035047,0.105413,-0.063265,2.166580,2.370584,2.113895,-0.052685,26.361784,24.093191,23.507317,0.441786,7.500000,PSF-01031_20251007104249_059,0.000000,0.000000,0.000000,17.422915,31.416893,0.445428,0.5,0.80,200.780441,1.000000,33.53,36.69,37.45,18.32,18.32,89.93,1.2,-15.5,1385.6,1127,3.601,10:42:17,2025-10-07,24.01,1,-0.005,-0.005,-0.002,0.037,0.071,0.072,0,150,-9999.000,-9999.000000,0.058905,0.000000,0.029230,0.000000,0.000000,-0.000068,standard,0,rectangular,7000,500,-9999.000000,-9999.000000,55537,55537,55537,0.000000,-9999,0.000000,0.000000,0.000000,0.000000,2.466006,2.391285,0.607249,0.573413,0.167244,-0.229462,0.129317,1.146010,17.422915,0.000294,2.405086,0.000013,1.000000,2.372866,0.000011,1.000000,0.601157,0.601293,0.106749,0.000000,PSF-01031_20251007104249_059,PFA-00872,PSA-00872,PSF-01031,RHS-0785,3.0.0,2025-09-27T00:47:32.647Z
1,10:47:11,2025-10-07,BANWR,Fern,,,,,-0.003822,0.034318,-0.004302,-0.053419,2.278159,2.453918,3.360266,1.082107,27.279169,25.325327,37.354652,0.441786,7.500000,PSF-01031_20251007104711_910,0.000000,0.000000,0.000000,18.437862,23.163557,0.204014,0.5,0.80,96.084427,1.000000,34.82,37.51,37.68,25.93,25.93,89.96,1.2,-14.5,1333.5,1177,3.602,10:46:44,2025-10-07,26.12,1,-0.000,0.000,-0.000,0.073,0.131,1.090,0,150,-9999.000,-9999.000000,0.058905,0.000000,0.029230,0.000000,0.000000,-0.000068,standard,0,rectangular,7000,500,-9999.000000,-9999.000000,55537,55537,55537,0.000000,-9999,0.000000,0.000000,0.000000,0.000000,2.467142,2.389863,0.607122,0.575082,0.165780,-0.145600,0.143877,1.192608,18.437862,0.000283,2.405086,0.000013,1.000000,2.372866,0.000011,1.000000,0.601157,0.601293,0.106749,0.000000,PSF-01031_20251007104711_910,PFA-00872,PSA-00872,PSF-01031,RHS-0785,3.0.0,2025-09-27T00:47:32.647Z
2,10:47:25,2025-10-07,BANWR,Fern,,,,,-0.004403,0.032522,-0.005093,-0.060648,2.252834,2.463465,3.290996,1.038161,27.388649,25.046867,36.589077,0.441786,7.500000,PSF-01031_20251007104725_d3b,0.000000,0.000000,0.000000,13.744354,16.003847,0.141184,0.5,0.80,112.766739,1.000000,34.40,37.61,37.70,25.58,25.58,89.94,1.1,-13.3,1295.9,1997,3.602,10:46:44,2025-10-07,26.12,1,-0.000,0.000,0.000,-0.199,-0.103,-0.197,0,150,-9999.000,-9999.000000,0.058905,0.000000,0.029230,0.000000,0.000000,-0.000068,standard,0,rectangular,7000,500,-9999.000000,-9999.000000,55537,55537,55537,0.000000,-9999,0.000000,0.000000,0.000000,0.000000,2.467288,2.389118,0.606808,0.577193,0.165654,-0.150002,0.146544,1.948265,13.744354,0.000280,2.405086,0.000013,1.000000,2.372866,0.000011,1.000000,0.601157,0.601293,0.106749,0.000000,PSF-01031_20251007104725_d3b,PFA-00872,PSA-00872,PSF-01031,RHS-0785,3.0.0,2025-09-27T00:47:32.647Z