plot,HOPOBT,UNKFAB,PANICspp,KALLSspp,ARITER,ERACUR,UNKFORB1,BOUGRA,IPOMOspp,AMAPAL,EUPHOspp,SIDAspp,BOUROT,DIGCAL,ARIWAT,TALAUR,ERALEH,PROVEL,HOFGLA,ALLINC,CALERI,GUTSAR,MOLVER,ISOTEN,HEBOBS,AMBCON,BOTBAR,SOLELA,LYCIUspp,UNKFORB2,SENGRE,ERAECH,BIDENspp,CAREXspp,PROPAR,ERIACU,SPOCRY,PORTUspp,ALLIUspp,BOUERI,SETARspp,BOERHspp,CARARI,BOUTEspp,UnkFb,BOUCUR,ARISTspp,ERAINT,new Unk Fab
84,0.5,0.5,0.5,0,0,0,0,0,0,0,0,0,0,0,0,0,0,0,0,0,0,0,0,0,0,0,0,0,0,0,0,0,0,0,0,0,0,0,0,0,0,0,0,,,,,,
65,0,0,0,0.5,0.5,3,0.5,0.5,0,0,0,0,0,0,0,0,0,0,0,0,0,0,0,0,0,0,0,0,0,0,0,0,0,0,0,0,0,0,0,0,0,0,0,,,,,,
88,0,0,0.5,0,0,3,0,0,0,0,0,0,0,0,0,0,0,0,0,0,0,0,0,0,0,0,0,0,0,0,0,0,0,0,0,0,0,0,0,0,0,0,0,,,,,,
57,0,0.5,0.5,0.5,0,0,0,0,0.5,0.5,0.5,0.5,0,0,0,0,0,0,0,0,0,0,0,0,0,0,0,0,0,0,0,0,0,0,0,0,0,0,0,0,0,0,0,,,,,,
97,0,0.5,0,0,0,0,0,0,0,0,0,0,3,0,0,0,0,0,0,0,0,0,0,0,0,0,0,0,0,0,0,0,0,0,0,0,0,0,0,0,0,0,0,,,,,,
91,0,0,0.5,0.5,0,0,0,0,0.5,0,0,0,0,3,0.5,0.5,10,0,0,0,0,0,0,0,0,0,0,0,0,0,0,0,0,0,0,0,0,0,0,0,0,0,0,,,,,,
70,0,0,0,0,0,0,0,0,0,0,0,0,0,0,0,0,0.5,3,0,0,0,0,0,0,0,0,0,0,0,0,0,0,0,0,0,0,0,0,0,0,0,0,0,,,,,,
86,0,0,0.5,0,0,0,0,0,0,0,0,0,0,0,0,0,0.5,0,0.5,0,0,0,0,0,0,0,0,0,0,0,0,0,0,0,0,0,0,0,0,0,0,0,0,,,,,,
67,0,0,0.5,0,0,0,0,0,0,0,0,0,0,0,0,0,3,0,0.5,0,0,0,0,0,0,0,0,0,0,0,0,0,0,0,0,0,0,0,0,0,0,0,0,,,,,,
94,0,0,0.5,0,0,0,0,0,0,0,0.5,0.5,0,0,0,0,3,0,0.5,0.5,0,0,0,0,0,0,0,0,0,0,0,0,0,0,0,0,0,0,0,0,0,0,0,,,,,,
52,0.5,0,0,0,0,0,0,0,0,0,0,0,0,0,0,0,0,0,0,0,0,0,0,0,0,0,0,0,0,0,0,0,0,0,0,0,0,0,0,0,0,0,0,,,,,,
68,0,0,0,0,0,0,0,0,0,0,0,0,0,0,0,0,0,3,0,0,0,0,0,0,0,0,0,0,0,0,0,0,0,0,0,0,0,0,0,0,0,0,0,,,,,,
74,0,0,0,0,0,0,0,0,0,0,0,0,0,0,0,0,0.5,0,0,0,0.5,0,0,0,0,0,0,0,0,0,0,0,0,0,0,0,0,0,0,0,0,0,0,,,,,,
60,0,0,0,0,0,0,0,0,0,0,0,0,0,0,0,0,10,0,0.5,0,0,0,0,0,0,0,0,0,0,0,0,0,0,0,0,0,0,0,0,0,0,0,0,,,,,,
54,0.5,0,0,0,0,0,0,0,0,0,0,0,0,0,0,0,0,0,0,0,0,0,0,0,0,0,0,0,0,0,0,0,0,0,0,0,0,0,0,0,0,0,0,,,,,,
98,0,0,0,0,0,0,0,0,0,0,0,0,0,0,0,0,0,3,0,0,0,0.5,0,0,0,0,0,0,0,0,0,0,0,0,0,0,0,0,0,0,0,0,0,,,,,,
62,0,0,3,0,0,0,0,0,0,0,0.5,0.5,3,0,0,0.5,0.5,0,0.5,0,0,0,3,0,0,0,0,0,0,0,0,0,0,0,0,0,0,0,0,0,0,0,0,,,,,,
63,0,0,0,0,0,0,0,0,0,0,0,0,0,0,0,0,3,0.5,0,0,0,0,0,0,0,0,0,0,0,0,0,0,0,0,0,0,0,0,0,0,0,0,0,,,,,,
89,0,0,0.5,0,0,0,0,0,0,0,0,0,0,0,0,0,0.5,0.5,0,0,0,0,0,0,0,0,0,0,0,0,0,0,0,0,0,0,0,0,0,0,0,0,0,,,,,,
61,0,0,0,0,0,0,0,0,0,0,0,0,0,3,0,0,0,0,0,0,0,0,0,0.5,0.5,0,0,0,0,0,0,0,0,0,0,0,0,0,0,0,0,0,0,,,,,,
55,0,0,0,0,0,0,0,0,0,0,0.5,0,0.5,0,0,0,0.5,0.5,0,0,0,0,0.5,0,0,0,0,0,0,0,0,0,0,0,0,0,0,0,0,0,0,0,0,,,,,,
72,0,0,0,0,0,0,0,0,0,0,0.5,0,0,0,0,0,3,0,0.5,0,0,0,0,0,0,0,0,0,0,0,0,0,0,0,0,0,0,0,0,0,0,0,0,,,,,,
49,0,0,0,0,0,0,0,0,0,0,0,0,0,0,0,0,0.5,0,0,0,0,0,0,0,0,0,0,0,0,0,0,0,0,0,0,0,0,0,0,0,0,0,0,,,,,,
58,0,0,0,0,0,0,0,0,0,0,0,0,0,0,0,0,0.5,0,0,0,0,0,0,0.5,0,0,0,0,0,0,0,0,0,0,0,0,0,0,0,0,0,0,0,,,,,,
36,0,0,0,0,0,0,0,0,0,0,0,0,0,10,0,0,3,0,0,0,0,0,0,0,0,0,0,0,0,0,0,0,0,0,0,0,0,0,0,0,0,0,0,,,,,,
28,0,0,0,0,0,0,0,0,0,0,0,0,0,0,0,0,0.5,0,0.5,0,0,0,0,0,0,0.5,0,0,0,0,0,0,0,0,0,0,0,0,0,0,0,0,0,,,,,,
22,0,0,0,0,0,0,0,0,0.5,0,0,0,0,0,0,0,0,0,0,0,0,0.5,0,0,0,0,3,0.5,0,0,0,0,0,0,0,0,0,0,0,0,0,0,0,,,,,,
73,0,0,0,0,0,0,0,0,0,0,0,0,0,0,0,0,0,0,0,0,0,0,0,0,0,0,0,0,10,0.5,0,0,0,0,0,0,0,0,0,0,0,0,0,,,,,,
75,0,0,0,0,0,0,0,0,0,0,0,0,0,0,0,0,0,0,0,0,0,0,0,0,0,0,0,0,0,0,0.5,0,0,0,0,0,0,0,0,0,0,0,0,,,,,,
5,0,0,0,0,0,0,0,0,0,0,0,0,0,3,0,0.5,0.5,0,0,0,0,0,0,0,0,0.5,0,0,0,0,0,0,0,0,0,0,0,0,0,0,0,0,0,,,,,,
77,0,0,0,0,0,0,0,0,0,0,0,0,0,0,0,0.5,0,0,0.5,0,0,0,0,0,0,0,0,0,0,0,0,0,0,0,0,0,0,0,0,0,0,0,0,,,,,,
40,0,0,0,0,0,0,0,0,0,0,0,0,0,0,0,0,10,0,0,0,0,0.5,0,0,0,0,0,0,0,0,0,0,0,0,0,0,0,0,0,0,0,0,0,,,,,,
21,0,0,0,0,0.5,0,0,0,0,0,0,0,0,0,0,0,3,0,0,0,0,3,0,0.5,0,0,0,0,0,0,0,0,0,0,0,0,0,0,0,0,0,0,0,,,,,,
81,0,0,0.5,0,0,0,0,0,3,0.5,0.5,0,0,0,0,0,0,0,0.5,0,0,0,0,0,0,0,0,0,10,0,0,0.5,0.5,0.5,0.5,0.5,0,0,0,0,0,0,0,,,,,,
42,0,0,0.5,0,0,0,0,0,0,0,0.5,0.5,0,0,0,0,0,3,0.5,0,0,0,0,0,0,0,0,0,0,0,0,0,0,0,0,0,3,0,0,0,0,0,0,,,,,,
6,0,0,0,0,0,0,0,0,0,0,0,0,0,0,0,0,0.5,10,0,0,0,0,0,0,0,0,0,0,0,0,0,0,0,0,0,0,0,0,0,0,0,0,0,,,,,,
1,0,0,0.5,0,0,0,0,0,0,0,0,0.5,0,0,0,3,10,0,0.5,0,0,0,0,0,0,0,0,0,0,0,0,0,0,0,0,0,0,0,0,0,0,0,0,,,,,,
100,10,0,0.5,0,0,0,0,0,0,0,0,0,0,0,0,0,0,0,0,0,0,0,0,0,0,0,0,0,0,0,0,0,0,0,0,0,0,0.5,0.5,0,0,0,0,,,,,,
10,0,0,0,0,0,0,0,0,0,0,0,0,0,0,0,0,30,0,0,0,0,0,0,0,0,0,0,0,0,0,0,0,0,0,0,0,0,0,0,0,0,0,0,,,,,,
79,0,0,0.5,0,0,0,0,0,0,0,0,0,0,0,0,0,3,0,0,0,0,0,0,0,0,0,0,0,0,0,0,0,0,0,0,0,0,0,0,0,0,0,0,,,,,,
26,0,0,0,0,0,0,0,0,0,0,0,0.5,0,0,0,0,10,20,0.5,0,0,0,0,0,0,0,0,0,0,0,0,0,0,0,0,0,0,0,0,0,0,0,0,,,,,,
12,0,0,0,0,0,0,0,0,0,0,0,0,0,0,0,0,0,0,0,0,0,0,0,0,0,0,0,0,0,0,0,0,0,0,0,0,0,0,0,0,0,0,0,,,,,,
80,30,0,3,0,0,0,0,0,0,0.5,0,0.5,0,0,0,0,0,0,0,0,0,0,0,0,0,3,0,0,0,0,0,0,0.5,0,0,0,0,0,0,0,0,0,0,,,,,,
29,0,0,3,0,0,0,0,0,0,0,0,0,0.5,0,0,0,0,0,0,0,0,0,0,0,0,0,0,0,0,0,0,0,0,0,0,0,0,0,0,0,0,0,0,,,,,,
23,20,0,0.5,0.5,0,0,0,0,0,0,0,0,0,0,0,0,0.5,0,0.5,0,0,0,0,0,0,0,0,0.5,0,0,0,0,0,0,0,0,0,0,0,0,0,0,0,,,,,,
16,0,0,0,0,0,0,0,0,0,0,0,0,0.5,0.5,0,0,10,0,0,0,0,0,0,0.5,0,0,0,0,0,0,0,0,0,0,0,0,0,0,0,0,0,0,0,,,,,,
4,0,0,0,0,0,0,0,0,0,0,0,0,0,0,0,0,3,0,0,0,0,0,0,0,0,0,0,0,0,0,0,0,0,0,0,0,0,0,0,0,0,0,0,,,,,,
19,0,0,0,0,0,0,0,0,0,0,0,0,0,0.5,0,0,0.5,10,0,0,0,0.5,0,0,0,0.5,0,0,0,0,0,0,0,0,0,0,0,0,0,0,0,0,0,,,,,,
14,0,0,0,0,0,0,0,0,0,0,0,0,0,0,0,0,0,0,0,0,0,0,0,0,0,0,0,0,0,0,0,0,0,0,0,0,0,0,0,0,0,0,0,,,,,,
48,0,0,0,0,0,0,0,0,0,0,0,0,0,0,0,0,0.5,0,0,0,0,0,0,0,0,0,0,0,0,0,0,0,0,0,0,0,0,0,0,0,0,0,0,,,,,,
C48,0,0,0,0,0,0,0,0,0,0,0,0,0,0,0,0,0,0,0,0.5,0,0,0,0,0,0,0,0,0,0,0,0,0,0,0,0,0,0,0,3,0.5,0,0,,,,,,
C26,0,0,0.5,0,0,0,0,0,0,0.5,0.5,0,0.5,0,0,0,0,0,0,0,0,0,0,0,0,0,0,0,0,0,0,0,0,0,0,0,0,0,0,0,0,10,0,,,,,,
C50,0,0,0,0,0,0.5,0,0,0,0,0,0,0,0,0,0,20,0,0,0,0,0,0,0,0.5,0,0,0,0,0,0,0,0,0,0,0,0,0,0,0,0.5,0,0,,,,,,
C16,0,0,0,0,0,0,0,0,0,0,0,0,0,0,0,0,10,0,0,0,0,0,0,0,0,0,0,0,0,0,0,0,0,0,0,0,0,0,0,0,0,0,0,,,,,,
C3,10,0,0,0,0,0,0,0,0,0,0,0,0,0,0,0,0,3,0,0,0,0,0,0,0,0,0,0,0,0,0,0,0,0,0,0,0,0,0,0,0,0,0,,,,,,
C4,0,0,0,0,0,0,0,0,0,0,0,0,0,0,0,0,0.5,10,0,0,0,0,0,0,0,0,0,0,0,0,0,0,0,0,0,0,0,0,0,0,0,0,0,,,,,,
C49,0,0,0,0,0,0,0,0,0,0,0,0,0,0,0,0,3,0,0,0,0,0,0,0,0,0,0,0,0,0,0,0,0,0,0,0,0,0,0,0,0,0,0,,,,,,
C7,0,0,0,0,0,0,0,0,0,0,0,0,0,0.5,0,0,0.5,0,0,0,0,0.5,0,0,0,0,0,0,0,0,0,0,0,0,0,0,0,0,0,0,0,0,0,,,,,,
C36,0,0,0,0,0,0,0,0,0,0,0,0,0,0,0,0,3,0,0,0,0,0,0,0.5,0,0,0,0,0,0,0,0,0,0,0,0,0,0,0,0,0,0,0,,,,,,
C5,0.5,0,0,0,0,0,0,0,0,0,0,0,0,0,0,0,0,0,0,0,0,0,0,0,0,0.5,0,0,0,0,0,0,0,0,0,0,0,0,0,0,0,0,3,,,,,,
C23,0,0,0,0,0,0,0,0,0,0,0,0,0,0,0,0,0,0,0,0,0,0,0,0,0,0,0,0,0,0,0,0,0,0,0,0,0,0,0,0,0,0,0,,,,,,
C21,,,,,,,,,0.5,,,,,,,,,,,,,,,,0.5,,,,,,,,,,,,,,,,,,,,,,,,
C24,,,,,,,,,,,,,,,,,,,,,,,,,,,,,,,,,,,,,,,,,,,,,,,,,
C43,,,,,,,,,,,,,,,,,3,0.5,,,,,,,,,,,,,,,,,,,,,,,,,,,,,,,
C18,,,,,,,,,,,,,,,,,,,,,,,,,,,,,,,,,,,,,,,,,,,,,,,,,
C32,,,,,,,,,,,,,,,,,0.5,,,,,,,,,,,,,,,,,,,,,,,,,,,,,,,,
C22,,,,,,,,,,,,,,0.5,,,0.5,,,,,0.5,,,,,,,,,,,,,,,,,,,,,,,,,,,
C25,,,,,,,,,,,,,,0.5,,,3,0.5,,,,,,,,,,,,,,,,,,,,,,,,,,0.5,,,,,
C20,,,,,,,,,,,,,,,,,3,,,,,0.5,,,,,,,,,,,,,,,,,,0.5,,,,,0.5,,,,
C45,,,,,,,,,,0.5,,0.5,,,,,,,,,,,,,,,,,,,,,,,,,,,,,3,,,,,,,,
C13,,,,,,,,,,,,,,,,,,,,,,,,,,,,,,,,,,,,,,,,,,,,,,,,,
C8,,,,,0.5,,,,,0.5,,0.5,,,,,,,,,,,0.5,,,,,,,,,,,,,,,,,,,0.5,,,,,,,
C28,,,,,,,,,,,,,,,,,3,,,,,,,,,,,,,,,,,,,,,,,,,,,,,,,,
C2,0.5,,,,,,,,,,,,,,,,0.5,,,,,,,,,,,,,,,,,,,,,,,,,,,,,0.5,,,
C1,,,,,,,,,,,,,,,,,,0.5,,,,,,,,,,,,,,,,,,,,,,,,,,,,,,,
C46,,,,,,,,,,,,,,,,,10,,,,,,,,,,,,,,,,,,,,,,,,,,,,,,0.5,,
C27,,,,,,,,,,0.5,,,,,,,,,,,,,,,,0.5,,,,,,,,,,,,,,,,,,,,,,,
C14,,,,,,,,,,,,,,,,,,,,,,,,,,,,,,,3,,,,,,,,,,3,,,,,,,,
C40,,,,,,,,,,,,,,,,,3,,,,,,,,,,,,,,,,,,,,,,,,,,,,,,,,
C44,,,,,,,,,,,,,,,,,0.5,0.5,0.5,,,,,,,,,,,,,,,,,,,,0.5,,,,,,,,,3,
C15,,,,,,,,,,,,,,,,,3,,,,,,,,,,,,,,,,,,,,,,,,,,,,,,,,
C9,0.5,,,,,,,,,,,,,,,,,,,,,,,,,,,,,,,,,,,,,,,,,,,,,,,,
C35,,,0.5,,,,,,,,,0.5,,,,,20,,,,,,0.5,,,,,,,,,,,,,,,0.5,,,,,,,,,,,
C42,,,,,,,,,,,,,,,,,,,,,,,,,,,,,,,,,,,,,,,,,,,,,,,,,
C11,,,,,,,,,,,,,,,,,20,,,,,,,,,,,,,,,,,,,,,,,,,,,,,,,,
C6,,,,,,,,,,,,,,,,,,,,,,,,,,,,,,,,,,,,,,,,,,,,,,,,,
C47,0.5,,0.5,,,,,,,,,,,,,,,,,,,,,,,3,,,,,,,,,,,,0.5,,,,,,,,10,,,0.5
C31,,,,,,,,,,,,,,,,,10,3,,,,,,,,,,,,,,,,,,,,,,,,,,,,,,,
C12,,,,,,,,,,,,,,,,,30,,,,,0.5,,,,,,,,,,,,,,,,,,,,,,,,,,,
C29,,,,,,,,,,,,,,,,,3,,,,,,,,,,,,,,,,,,,,,,,,,,,,,,,,
C38,,,0.5,,,,,,,0.5,,,3,,,,,,,,,,0.5,,0.5,,,,,,,,,,,,,,,,,0.5,,,,,,,
C30,,,,,,,,,,,,,,,,,30,,,,,,,,,,,,,,,,,,,,,,,,,,,,,,,,
C33,,,,,,,,,,,,,,,,,10,,,,,,,,,,,,,,,,,,,,,,,,,,,,,,,,
C34,,,,,,,,,,,,,,,,,,40,,,,,,,,,,,,,3,,,,,,,,,,,,,,,,,,
C19,,,,,,,,,,,,,,,,,,,,,,,,0.5,,,,,,,,,,,,,,,,,,,,,,,,,
C17,,,,,3,,,,,0.5,,,,,,,,,,,,,,,,,,,,,,,,,,,,,,,,,,,,,,,
C41,,,,,,,,,,,,,,,,,0.5,,,,,,,,,,,,,,,,,,,,,,,,3,,,,,,0.5,,
C39,,,,,,,,,,,,,,,,,0.5,,,,,,,,,,,,,,,,,,,,,,,0.5,,,,,,,,,
C37,,,,,,,,,,,,,,,,,0.5,,,,,,,,,,,,,,,,,,,,,,,,,,,,,,,,
C10,,,,,0.5,,,,,,,,,,,,,,,,,,,,,,,,,,,,,,,,,,,,,,,,,,,,